City_ID,City,Country,Date,Lat,Lng,Max Temp,Humidity,Cloudiness,Wind Speed
0,Longyearbyen,SJ,2020-08-19 01:26:01,78.22,15.64,44.6,70,75,10.29
1,Butaritari,KI,2020-08-19 01:26:01,3.07,172.79,83.53,71,0,10.25
2,Coahuayana,MX,2020-08-19 01:26:01,18.73,-103.68,73.4,88,90,11.41
3,Trapani,IT,2020-08-19 01:26:02,37.83,12.67,75.0,88,100,3.36
4,Thompson,CA,2020-08-19 01:24:13,55.74,-97.86,64.4,72,75,8.05
5,Rikitea,PF,2020-08-19 01:22:42,-23.12,-134.97,71.96,80,22,11.03
6,Teguise,ES,2020-08-19 01:26:03,29.06,-13.56,71.6,83,0,25.28
7,Castro,BR,2020-08-19 01:26:03,-24.79,-50.01,59.07,91,100,9.69
8,Dalvik,IS,2020-08-19 01:26:03,65.97,-18.53,50.0,76,90,2.24
9,Atuona,PF,2020-08-19 01:22:47,-9.8,-139.03,78.94,74,1,20.85
10,Kavaratti,IN,2020-08-19 01:26:04,10.57,72.64,81.34,80,99,10.04
11,Killarney,IE,2020-08-19 01:26:04,52.05,-9.52,55.06,91,100,2.35
12,Bambous Virieux,MU,2020-08-19 01:26:04,-20.34,57.76,71.6,68,40,10.29
13,Dikson,RU,2020-08-19 01:26:05,73.51,80.55,53.83,71,0,8.95
14,Tasiilaq,GL,2020-08-19 01:22:59,65.61,-37.64,44.6,70,99,4.7
15,Padang,ID,2020-08-19 01:26:05,-0.95,100.35,81.5,69,18,3.04
16,Tiksi,RU,2020-08-19 01:22:50,71.69,128.87,39.96,77,93,12.5
17,Kungurtug,RU,2020-08-19 01:26:07,50.6,97.52,60.89,58,93,1.95
18,Hithadhoo,MV,2020-08-19 01:26:07,-0.6,73.08,83.95,73,18,9.86
19,Ribeira Grande,PT,2020-08-19 01:26:07,38.52,-28.7,71.47,82,72,22.12
20,Isangel,VU,2020-08-19 01:26:07,-19.55,169.27,78.8,65,20,8.05
21,Port Elizabeth,ZA,2020-08-19 01:26:08,-33.92,25.57,50.0,87,75,19.46
22,Port Moresby,PG,2020-08-19 01:22:20,-9.44,147.18,82.4,69,40,5.82
23,Chokurdakh,RU,2020-08-19 01:26:08,70.63,147.92,38.64,90,100,10.09
24,Chegutu,ZW,2020-08-19 01:26:09,-18.13,30.14,57.24,70,0,3.42
25,Kaeo,NZ,2020-08-19 01:23:13,-35.1,173.78,63.0,58,72,7.0
26,Jamestown,US,2020-08-19 01:26:09,42.1,-79.24,64.99,77,1,6.93
27,Vao,NC,2020-08-19 01:22:48,-22.67,167.48,68.58,59,0,6.33
28,Punta Arenas,CL,2020-08-19 01:26:10,-53.15,-70.92,32.0,87,57,9.17
29,Albany,US,2020-08-19 01:25:22,42.6,-73.97,71.01,90,0,5.26
30,Komsomolets,KZ,2020-08-19 01:26:10,53.75,62.07,46.72,82,0,13.56
31,Shaghat,AM,2020-08-19 01:26:10,39.56,45.91,68.0,56,75,11.41
32,Luderitz,NA,2020-08-19 01:26:11,-26.65,15.16,54.84,47,0,18.14
33,Calella,ES,2020-08-19 01:26:11,41.62,2.67,73.99,91,47,5.01
34,Banda Aceh,ID,2020-08-19 01:26:11,5.56,95.32,81.41,73,100,3.67
35,Kruisfontein,ZA,2020-08-19 01:26:12,-34.0,24.73,48.58,80,99,17.92
36,Qaanaaq,GL,2020-08-19 01:22:43,77.48,-69.36,44.46,82,100,6.42
37,Ushuaia,AR,2020-08-19 01:26:12,-54.8,-68.3,32.0,90,40,13.87
38,Port-Gentil,GA,2020-08-19 01:26:12,-0.72,8.78,75.31,89,100,16.42
39,Husavik,IS,2020-08-19 01:23:26,66.04,-17.34,50.0,76,90,2.24
40,Georgetown,MY,2020-08-19 01:24:26,5.41,100.34,82.4,88,20,3.36
41,Adrar,MR,2020-08-19 01:26:13,20.5,-10.07,99.18,13,68,13.2
42,Hilo,US,2020-08-19 01:26:14,19.73,-155.09,82.4,61,90,4.7
43,Daru,PG,2020-08-19 01:26:14,-9.08,143.21,79.43,62,2,9.78
44,Anito,PH,2020-08-19 01:26:14,12.45,125.29,79.57,86,100,5.55
45,Pacific Grove,US,2020-08-19 01:22:59,36.62,-121.92,84.0,47,90,6.93
46,Whitefish,US,2020-08-19 01:26:15,48.41,-114.34,87.8,29,1,8.05
47,Provideniya,RU,2020-08-19 01:22:50,64.38,-173.3,57.2,62,93,11.18
48,Hasaki,JP,2020-08-19 01:26:15,35.73,140.83,89.01,66,75,3.36
49,Hermanus,ZA,2020-08-19 01:26:16,-34.42,19.23,48.0,72,82,1.99
50,Edson,CA,2020-08-19 01:25:01,53.58,-116.44,78.8,31,1,9.17
51,The Pas,CA,2020-08-19 01:26:16,53.83,-101.25,75.2,64,75,5.79
52,Kyabram,AU,2020-08-19 01:26:16,-36.32,145.05,50.0,89,100,3.0
53,Mataura,NZ,2020-08-19 01:22:45,-46.19,168.86,55.99,81,100,5.99
54,Quatre Cocos,MU,2020-08-19 01:26:17,-20.21,57.76,71.6,68,40,10.29
55,Leningradskiy,RU,2020-08-19 01:26:17,69.38,178.42,50.99,50,3,8.12
56,Barrow,US,2020-08-19 01:26:17,71.29,-156.79,57.2,71,1,4.7
57,Busselton,AU,2020-08-19 01:22:46,-33.65,115.33,50.0,96,35,0.76
58,Tieli,CN,2020-08-19 01:26:18,46.95,128.05,59.72,75,99,11.39
59,Forbes,AU,2020-08-19 01:26:18,-33.38,148.02,61.0,39,0,1.01
60,Saint Anthony,US,2020-08-19 01:26:18,45.02,-93.22,75.99,50,1,3.36
61,Pangnirtung,CA,2020-08-19 01:26:18,66.15,-65.71,61.38,51,100,6.89
62,Aklavik,CA,2020-08-19 01:26:18,68.22,-135.01,62.6,51,20,5.82
63,Ponta Do Sol,PT,2020-08-19 01:26:19,32.67,-17.1,69.8,83,20,5.82
64,Kirando,TZ,2020-08-19 01:26:19,-7.42,30.6,72.75,41,2,4.14
65,Trinidad,BO,2020-08-19 01:26:19,-14.83,-64.9,84.51,31,56,3.65
66,Tamiahua,MX,2020-08-19 01:26:19,21.27,-97.45,81.05,78,92,5.59
67,Cayenne,GF,2020-08-19 01:23:05,4.93,-52.33,80.6,83,90,7.74
68,Hobart,AU,2020-08-19 01:25:12,-42.88,147.33,53.6,58,40,8.05
69,Iralaya,HN,2020-08-19 01:26:20,15.0,-83.23,84.2,79,40,5.77
70,Bluff,NZ,2020-08-19 01:26:20,-46.6,168.33,55.99,81,76,5.99
71,Porto Novo,BJ,2020-08-19 01:26:21,6.5,2.6,75.2,94,20,9.17
72,Koryukivka,UA,2020-08-19 01:26:21,51.77,32.25,62.76,71,5,6.67
73,Nikolskoye,RU,2020-08-19 01:26:21,59.7,30.79,51.01,81,0,4.47
74,Klaksvik,FO,2020-08-19 01:26:21,62.23,-6.59,44.6,93,100,4.7
75,Berlevag,NO,2020-08-19 01:26:22,70.86,29.09,50.54,84,81,8.9
76,Codrington,AU,2020-08-19 01:26:22,-38.27,141.97,53.24,77,100,16.22
77,Garowe,SO,2020-08-19 01:26:22,8.41,48.48,76.28,68,100,28.01
78,Khatanga,RU,2020-08-19 01:26:23,71.97,102.5,52.12,59,0,15.99
79,Puerto Ayora,EC,2020-08-19 01:26:23,-0.74,-90.35,66.99,94,89,5.01
80,Port Alfred,ZA,2020-08-19 01:26:23,-33.59,26.89,53.89,68,56,28.88
81,Male,MV,2020-08-19 01:26:23,4.17,73.51,80.6,83,20,5.82
82,Oranjestad,AW,2020-08-19 01:26:21,12.52,-70.03,80.6,88,20,3.36
83,Bethel,US,2020-08-19 01:26:19,41.37,-73.41,66.0,82,1,4.5
84,College,US,2020-08-19 01:26:24,64.86,-147.8,75.2,35,40,1.45
85,Nathdwara,IN,2020-08-19 01:26:24,24.93,73.82,75.92,90,90,6.71
86,Cockburn Town,TC,2020-08-19 01:26:25,21.46,-71.14,83.52,80,0,18.84
87,Puerto Leguizamo,CO,2020-08-19 01:26:25,-0.19,-74.78,80.83,69,74,1.3
88,Bredasdorp,ZA,2020-08-19 01:26:25,-34.53,20.04,44.6,87,100,4.7
89,Victoria,HK,2020-08-19 01:24:16,22.29,114.16,81.0,83,75,20.8
90,Kovernino,RU,2020-08-19 01:23:54,57.13,43.81,45.46,87,0,4.9
91,Kodiak,US,2020-08-19 01:22:41,57.79,-152.41,60.8,72,1,6.93
92,Vaini,TO,2020-08-19 01:22:41,-21.2,-175.2,73.4,100,90,14.99
93,Halifax,CA,2020-08-19 01:21:36,44.65,-63.57,66.99,67,38,9.48
94,Hobyo,SO,2020-08-19 01:26:27,5.35,48.53,76.66,85,100,22.88
95,Coihaique,CL,2020-08-19 01:26:28,-45.58,-72.07,30.2,80,0,3.36
96,Rio Grande,BR,2020-08-19 01:23:01,-32.03,-52.1,54.0,98,1,5.48
97,Innisfail,AU,2020-08-19 01:26:28,-17.53,146.03,75.63,55,70,5.7
98,Tomatlan,MX,2020-08-19 01:26:28,19.93,-105.25,80.58,75,100,8.1
99,Ilebo,CD,2020-08-19 01:26:29,-4.32,20.58,77.2,62,0,1.61
100,Kenai,US,2020-08-19 01:26:29,60.55,-151.26,63.0,59,90,9.17
101,Vostok,RU,2020-08-19 01:26:30,46.49,135.88,58.64,100,100,2.91
102,Abu Samrah,SY,2020-08-19 01:26:30,35.3,37.18,69.35,77,0,11.12
103,Ayer Tawar,MY,2020-08-19 01:26:31,4.3,100.75,77.0,88,20,2.24
104,Muli,MV,2020-08-19 01:26:31,2.92,73.57,82.2,67,38,3.96
105,Mar Del Plata,AR,2020-08-19 01:26:31,-38.0,-57.56,43.0,67,95,9.17
106,Lavrentiya,RU,2020-08-19 01:26:31,65.58,-171.0,53.04,70,99,5.97
107,Labuhan,ID,2020-08-19 01:26:32,-6.88,112.21,79.81,72,2,7.65
108,Viransehir,TR,2020-08-19 01:26:32,37.24,39.76,76.3,19,0,2.42
109,Gallup,US,2020-08-19 01:26:32,35.53,-108.74,89.6,11,1,6.93
110,New Norfolk,AU,2020-08-19 01:26:19,-42.78,147.06,53.01,79,77,3.0
111,Lompoc,US,2020-08-19 01:26:33,34.64,-120.46,73.4,60,1,10.29
112,Dingle,PH,2020-08-19 01:26:33,11.0,122.67,81.73,80,100,5.08
113,Zhangjiakou,CN,2020-08-19 01:26:33,40.81,114.88,67.41,64,100,0.94
114,Yellowknife,CA,2020-08-19 01:24:26,62.46,-114.35,64.4,68,75,8.05
115,East London,ZA,2020-08-19 01:26:33,-33.02,27.91,55.51,60,100,30.67
116,Yar-Sale,RU,2020-08-19 01:26:34,66.83,70.83,55.98,79,100,14.25
117,Kapaa,US,2020-08-19 01:22:30,22.08,-159.32,84.99,83,90,16.11
118,Honiara,SB,2020-08-19 01:23:25,-9.43,159.95,87.8,62,75,10.29
119,Acapulco,MX,2020-08-19 01:22:01,16.86,-99.89,84.2,74,90,11.41
120,Si Satchanalai,TH,2020-08-19 01:26:35,17.52,99.76,78.8,88,40,2.24
121,Te Anau,NZ,2020-08-19 01:26:35,-45.42,167.72,48.79,90,100,1.36
122,Araguacu,BR,2020-08-19 01:26:35,-12.93,-49.83,83.14,26,27,5.84
123,Deputatskiy,RU,2020-08-19 01:26:35,69.3,139.9,37.78,98,100,5.82
124,Grand Gaube,MU,2020-08-19 01:26:36,-20.01,57.66,71.01,73,79,10.0
125,Avarua,CK,2020-08-19 01:26:36,-21.21,-159.78,75.2,73,30,19.46
126,Lumphat,KH,2020-08-19 01:26:36,13.49,106.98,76.01,96,100,2.19
127,Santa Isabel Do Rio Negro,BR,2020-08-19 01:26:36,-0.41,-65.02,77.41,78,96,3.67
128,Kichera,RU,2020-08-19 01:26:37,55.94,110.1,64.49,46,0,2.3
129,Tuktoyaktuk,CA,2020-08-19 01:26:37,69.45,-133.04,62.6,55,20,9.17
130,Necochea,AR,2020-08-19 01:26:37,-38.55,-58.74,36.0,18,0,8.99
131,Barinas,VE,2020-08-19 01:26:37,8.62,-70.21,74.08,96,100,1.95
132,Kununurra,AU,2020-08-19 01:26:38,-15.77,128.73,86.0,30,84,3.36
133,Beyneu,KZ,2020-08-19 01:26:38,45.32,55.2,66.27,72,0,5.75
134,Nanortalik,GL,2020-08-19 01:26:38,60.14,-45.24,47.98,67,0,5.08
135,Sorsk,RU,2020-08-19 01:26:39,54.0,90.25,56.34,94,100,1.05
136,Upernavik,GL,2020-08-19 01:26:39,72.79,-56.15,46.18,69,100,9.55
137,Poum,NC,2020-08-19 01:26:39,-20.23,164.02,69.62,67,0,2.86
138,Ahuimanu,US,2020-08-19 01:24:21,21.44,-157.84,84.2,62,90,13.87
139,Shishou,CN,2020-08-19 01:26:39,29.72,112.42,84.33,75,98,1.99
140,Vardo,NO,2020-08-19 01:23:12,70.37,31.11,51.4,88,100,10.4
141,Mapiripan,CO,2020-08-19 01:26:40,2.89,-72.13,74.89,91,78,3.58
142,Chuy,UY,2020-08-19 01:26:40,-33.7,-53.46,51.69,92,0,3.65
143,Kahului,US,2020-08-19 01:24:25,20.89,-156.47,87.8,48,40,16.11
144,Urucui,BR,2020-08-19 01:26:41,-7.23,-44.56,83.82,28,27,10.4
145,San Mateo Del Mar,MX,2020-08-19 01:26:41,16.2,-95.0,84.83,69,23,25.7
146,Los Llanos De Aridane,ES,2020-08-19 01:22:56,28.66,-17.92,72.0,83,0,9.17
147,Hit,IQ,2020-08-19 01:26:42,33.64,42.83,82.71,20,0,14.07
148,Itacarambi,BR,2020-08-19 01:26:42,-15.1,-44.09,69.98,55,0,3.04
149,Cape Town,ZA,2020-08-19 01:23:46,-33.93,18.42,50.0,81,75,2.24
150,Ancud,CL,2020-08-19 01:26:43,-41.87,-73.82,39.0,78,21,5.82
151,Saint-Joseph,RE,2020-08-19 01:26:43,-21.37,55.62,62.6,77,75,3.36
152,Cherskiy,RU,2020-08-19 01:26:43,68.75,161.3,44.85,86,100,6.89
153,Namatanai,PG,2020-08-19 01:26:44,-3.67,152.43,83.44,70,68,8.12
154,Livingston,GB,2020-08-19 01:26:44,55.9,-3.52,59.0,100,90,1.12
155,Kavieng,PG,2020-08-19 01:26:45,-2.57,150.8,84.45,69,44,7.27
156,Puerto Colombia,CO,2020-08-19 01:26:45,10.99,-74.95,82.4,88,40,6.93
157,San Jose,US,2020-08-19 01:26:12,37.34,-121.89,96.8,21,75,12.75
158,Dzaoudzi,YT,2020-08-19 01:26:46,-12.79,45.27,75.2,83,40,2.24
159,Tselina,RU,2020-08-19 01:26:46,46.53,41.03,73.96,39,88,6.29
160,Hoganas,SE,2020-08-19 01:22:19,56.2,12.56,61.0,93,100,5.95
161,Areosa,PT,2020-08-19 01:26:47,41.72,-8.86,71.01,94,75,11.41
162,Henties Bay,NA,2020-08-19 01:26:47,-22.12,14.28,53.82,69,0,4.54
163,Road Town,VG,2020-08-19 01:24:12,18.42,-64.62,84.0,81,25,17.0
164,Fenoarivo,MG,2020-08-19 01:26:48,-18.93,47.44,51.8,87,75,5.82
165,Tukums,LV,2020-08-19 01:26:48,56.97,23.16,51.8,93,30,3.36
166,Imbituba,BR,2020-08-19 01:25:35,-28.24,-48.67,66.2,93,100,10.29
167,Saskylakh,RU,2020-08-19 01:26:49,71.92,114.08,43.84,74,100,9.98
168,Adeje,ES,2020-08-19 01:26:49,28.12,-16.73,73.0,78,0,5.82
169,Hambantota,LK,2020-08-19 01:26:49,6.12,81.12,77.0,100,100,8.05
170,Andenes,NO,2020-08-19 01:26:50,69.31,16.12,50.0,93,100,5.82
171,Homer,US,2020-08-19 01:26:52,59.64,-151.55,60.8,63,75,16.11
172,Lufilufi,WS,2020-08-19 01:26:52,-13.87,-171.6,89.6,75,20,17.22
173,Klyuchi,RU,2020-08-19 01:26:52,52.27,79.17,61.79,55,72,8.93
174,Magdagachi,RU,2020-08-19 01:26:52,53.45,125.8,60.15,43,0,9.69
175,Lorengau,PG,2020-08-19 01:26:53,-2.02,147.27,83.61,76,26,9.04
176,Marienburg,PL,2020-08-19 01:26:53,54.04,19.03,63.0,100,60,3.96
177,Itoman,JP,2020-08-19 01:26:53,26.12,127.67,87.8,74,40,12.75
178,Mahebourg,MU,2020-08-19 01:22:43,-20.41,57.7,71.6,68,40,10.29
179,Nadvoitsy,RU,2020-08-19 01:26:54,63.87,34.32,48.76,87,38,4.97
180,Vila Velha,BR,2020-08-19 01:22:41,-20.33,-40.29,73.4,83,40,6.93
181,San Quintin,MX,2020-08-19 01:22:45,30.48,-115.95,80.15,65,0,6.71
182,Breznita-Motru,RO,2020-08-19 01:26:55,44.57,23.22,68.0,88,100,8.43
183,Dubrovka,RU,2020-08-19 01:26:55,53.69,33.51,59.0,84,100,6.35
184,Sabzevar,IR,2020-08-19 01:24:59,36.21,57.68,65.7,35,0,7.49
185,Sarankhola,BD,2020-08-19 01:26:56,22.31,89.79,79.38,92,100,4.97
186,Tateyama,JP,2020-08-19 01:26:56,34.98,139.87,86.0,79,75,10.29
187,Niksic,ME,2020-08-19 01:26:58,42.77,18.94,69.8,93,0,1.12
188,Namibe,AO,2020-08-19 01:22:52,-15.2,12.15,59.97,80,0,3.15
189,Fort Nelson,CA,2020-08-19 01:22:44,58.81,-122.7,59.0,100,75,3.36
190,Cap Malheureux,MU,2020-08-19 01:27:00,-19.98,57.61,71.01,73,73,10.0
191,Torbay,CA,2020-08-19 01:27:01,47.67,-52.73,57.99,100,90,21.92
192,Coolum Beach,AU,2020-08-19 01:27:01,-26.53,153.1,79.0,35,0,5.99
193,Axim,GH,2020-08-19 01:27:01,4.87,-2.24,75.22,88,97,7.85
194,Alcaniz,ES,2020-08-19 01:27:01,41.05,-0.13,71.01,72,6,4.0
195,Lins,BR,2020-08-19 01:27:02,-21.68,-49.74,70.14,73,0,10.6
196,Katsuura,JP,2020-08-19 01:27:02,35.13,140.3,89.01,74,75,5.82
197,Asau,RO,2020-08-19 01:27:02,46.43,26.4,62.01,82,1,4.59
198,Ribas Do Rio Pardo,BR,2020-08-19 01:27:02,-20.44,-53.76,77.34,52,61,4.32
199,Srednekolymsk,RU,2020-08-19 01:27:03,67.45,153.68,55.38,47,98,4.16
200,Colombo,LK,2020-08-19 01:22:30,6.93,79.85,78.8,88,40,3.36
201,Constitucion,CL,2020-08-19 01:27:04,-35.33,-72.42,47.14,77,52,10.11
202,Haileybury,CA,2020-08-19 01:27:05,47.45,-79.64,53.6,87,40,6.93
203,Faanui,PF,2020-08-19 01:27:06,-16.48,-151.75,78.12,76,0,19.28
204,Saint-Georges,GD,2020-08-19 01:24:09,12.06,-61.75,82.4,83,75,5.82
205,Geraldton,AU,2020-08-19 01:22:47,-28.77,114.6,51.8,87,41,6.93
206,Pervomayskiy,RU,2020-08-19 01:27:07,53.25,40.29,54.21,74,1,4.72
207,Cidreira,BR,2020-08-19 01:22:55,-30.18,-50.21,62.37,96,100,8.66
208,Tchaourou,BJ,2020-08-19 01:27:07,8.89,2.6,71.53,96,64,6.22
209,Phu Ly,VN,2020-08-19 01:24:01,20.54,105.91,78.48,92,99,4.47
210,Culiacancito,MX,2020-08-19 01:27:08,24.82,-107.53,81.0,83,90,3.36
211,Airai,TL,2020-08-19 01:27:08,-8.93,125.41,72.75,38,0,3.18
212,Kailua,US,2020-08-19 01:27:08,21.4,-157.74,84.2,62,90,13.87
213,Ambilobe,MG,2020-08-19 01:27:09,-13.2,49.05,64.58,70,45,5.14
214,Guarapari,BR,2020-08-19 01:27:10,-20.67,-40.5,73.4,83,40,6.93
215,Caravelas,BR,2020-08-19 01:27:10,-17.71,-39.25,72.99,83,5,7.96
216,Fougeres,FR,2020-08-19 01:27:11,48.35,-1.2,66.99,93,100,4.7
217,Verkhoshizhemye,RU,2020-08-19 01:27:11,58.01,49.1,39.87,95,0,7.43
218,Araouane,ML,2020-08-19 01:27:12,18.9,-3.53,91.62,33,36,10.29
219,Esperance,AU,2020-08-19 01:27:12,-33.87,121.9,50.0,100,75,12.75
220,Qaqortoq,GL,2020-08-19 01:27:13,60.72,-46.03,48.2,66,0,5.82
221,Ratnagiri,IN,2020-08-19 01:27:13,16.98,73.3,79.57,86,100,12.77
222,Grindavik,IS,2020-08-19 01:27:14,63.84,-22.43,51.8,93,75,13.87
223,Sisimiut,GL,2020-08-19 01:27:15,66.94,-53.67,52.43,64,52,2.37
224,Vestmannaeyjar,IS,2020-08-19 01:22:44,63.44,-20.27,51.98,88,30,17.54
225,Fairbanks,US,2020-08-19 01:27:15,64.84,-147.72,75.2,33,90,4.7
226,Santa Catalina,PH,2020-08-19 01:27:15,9.33,122.86,81.79,75,92,4.23
227,Lebu,CL,2020-08-19 01:27:16,-37.62,-73.65,45.54,74,0,13.13
228,Kapoeta,SS,2020-08-19 01:27:16,4.77,33.59,72.59,83,99,0.92
229,Pevek,RU,2020-08-19 01:27:16,69.7,170.31,43.27,73,43,11.21
230,Iqaluit,CA,2020-08-19 01:27:16,63.75,-68.51,42.8,87,75,20.8
231,Bujaru,BR,2020-08-19 01:27:17,-1.51,-48.04,78.8,83,20,10.29
232,Marawi,PH,2020-08-19 01:27:17,8.0,124.29,78.01,86,96,3.0
233,Havoysund,NO,2020-08-19 01:27:18,71.0,24.66,48.2,100,100,9.17
234,Guerrero Negro,MX,2020-08-19 01:27:05,27.98,-114.06,81.79,53,0,15.82
235,Glens Falls,US,2020-08-19 01:23:11,43.31,-73.64,66.99,82,90,3.67
236,Aktau,KZ,2020-08-19 01:27:18,43.65,51.2,60.8,87,0,4.47
237,Arraial Do Cabo,BR,2020-08-19 01:27:19,-22.97,-42.03,73.4,83,0,13.87
238,Carnarvon,AU,2020-08-19 01:27:19,-24.87,113.63,62.6,63,62,16.11
239,Batemans Bay,AU,2020-08-19 01:23:04,-35.72,150.18,61.0,87,82,10.0
240,Ingham,US,2020-08-19 01:27:19,42.6,-84.38,68.0,63,40,8.05
241,Clinton,US,2020-08-19 01:25:50,42.59,-82.92,69.01,77,20,9.17
242,Camabatela,AO,2020-08-19 01:27:20,-8.19,15.38,59.65,97,90,5.93
243,Hualmay,PE,2020-08-19 01:27:20,-11.1,-77.61,59.45,83,44,12.39
244,Kaitangata,NZ,2020-08-19 01:27:20,-46.28,169.85,48.72,90,100,2.04
245,Hami,CN,2020-08-19 01:27:20,42.8,93.45,84.88,14,100,0.47
246,Kochubey,RU,2020-08-19 01:27:21,44.39,46.58,67.64,52,0,5.75
247,Oktyabrskoye,RU,2020-08-19 01:27:21,43.06,44.74,51.8,93,0,6.71
248,Belaya Gora,RU,2020-08-19 01:27:21,68.53,146.42,42.42,86,100,13.78
249,Bengkulu,ID,2020-08-19 01:22:48,-3.8,102.27,80.33,76,2,4.5
250,Flin Flon,CA,2020-08-19 01:27:22,54.77,-101.86,75.74,55,0,4.99
251,Souillac,MU,2020-08-19 01:27:22,-20.52,57.52,71.6,68,40,10.29
252,Ankara,TR,2020-08-19 01:22:55,39.92,32.85,60.8,48,0,3.6
253,Ilmajoki,FI,2020-08-19 01:27:22,62.73,22.57,53.01,93,71,3.36
254,Longyan,CN,2020-08-19 01:27:23,25.11,117.02,81.34,75,63,2.91
255,Unity,CA,2020-08-19 01:27:23,52.45,-109.17,87.01,64,0,1.01
256,Yulara,AU,2020-08-19 01:22:48,-25.24,130.99,57.2,33,0,5.82
257,Puerto Escondido,MX,2020-08-19 01:26:03,15.85,-97.07,81.3,81,100,8.55
258,Havlickuv Brod,CZ,2020-08-19 01:27:24,49.61,15.58,61.0,76,100,7.25
259,Vilyuysk,RU,2020-08-19 01:27:25,63.76,121.62,63.48,51,49,5.88
260,Santander,ES,2020-08-19 01:27:26,43.46,-3.8,73.0,88,100,1.12
261,Narsaq,GL,2020-08-19 01:23:04,60.92,-46.05,48.2,66,0,5.82
262,Cabo San Lucas,MX,2020-08-19 01:27:27,22.89,-109.91,84.99,62,90,5.82
263,Beringovskiy,RU,2020-08-19 01:27:27,63.05,179.32,54.75,57,0,10.02
264,Ganzhou,CN,2020-08-19 01:27:27,28.82,115.43,88.0,64,100,2.26
265,Chaiya,TH,2020-08-19 01:27:28,9.39,99.2,80.6,88,20,3.36
266,Katangli,RU,2020-08-19 01:23:18,51.71,143.23,64.2,72,6,16.35
267,Bystryy Istok,RU,2020-08-19 01:27:28,52.37,84.39,59.85,80,0,2.48
268,Rorvik,NO,2020-08-19 01:27:29,64.86,11.24,54.73,82,66,8.88
269,High Level,CA,2020-08-19 01:23:20,58.52,-117.14,75.2,69,75,6.93
270,Tanete,ID,2020-08-19 01:27:29,-3.94,119.78,81.88,59,61,11.72
271,Myrtle Beach,US,2020-08-19 01:25:42,33.69,-78.89,79.0,83,75,3.36
272,Tuatapere,NZ,2020-08-19 01:27:30,-46.13,167.68,55.99,81,100,5.99
273,Mishan,CN,2020-08-19 01:27:30,45.55,131.88,61.34,95,100,5.41
274,Nara,JP,2020-08-19 01:27:31,34.69,135.8,93.2,55,40,5.82
275,Kpandae,GH,2020-08-19 01:27:31,8.47,-0.01,73.9,92,100,5.23
276,Baykit,RU,2020-08-19 01:27:31,61.67,96.37,61.21,54,100,3.74
277,Seoul,KR,2020-08-19 01:22:57,37.57,126.98,84.2,74,40,4.14
278,Erzin,TR,2020-08-19 01:27:31,36.96,36.2,79.0,87,2,0.49
279,Skjervoy,NO,2020-08-19 01:23:15,70.03,20.97,53.2,76,100,6.62
280,Ust-Kuyga,RU,2020-08-19 01:22:57,70.02,135.6,40.46,71,99,14.83
281,Westport,US,2020-08-19 01:26:08,41.14,-73.36,78.8,47,75,3.36
282,Arlit,NE,2020-08-19 01:23:11,18.74,7.39,93.0,28,62,2.98
283,Ambulu,ID,2020-08-19 01:27:33,-8.35,113.61,78.24,74,4,2.08
284,Conde,BR,2020-08-19 01:27:33,-7.26,-34.91,73.4,88,20,5.82
285,Lappeenranta,FI,2020-08-19 01:27:33,61.06,28.19,51.01,100,2,2.24
286,Zhangye,CN,2020-08-19 01:27:34,38.93,100.45,74.84,26,0,5.59
287,Bose,IT,2020-08-19 01:27:34,45.46,8.01,69.01,73,0,8.01
288,Rantauprapat,ID,2020-08-19 01:27:34,2.1,99.83,78.31,84,98,1.25
289,Carmelo,UY,2020-08-19 01:27:35,-33.99,-58.29,57.2,43,1,5.82
290,Ostrovnoy,RU,2020-08-19 01:27:35,68.05,39.51,43.54,81,0,6.49
291,Taksimo,RU,2020-08-19 01:27:35,56.34,114.88,59.74,49,0,2.04
292,Richards Bay,ZA,2020-08-19 01:27:35,-28.78,32.04,56.75,49,0,7.9
293,Port Lincoln,AU,2020-08-19 01:27:35,-34.73,135.87,56.91,65,0,24.67
294,Telenesti,MD,2020-08-19 01:27:36,47.5,28.37,68.0,52,18,5.82
295,Port Augusta,AU,2020-08-19 01:23:11,-32.5,137.77,57.2,67,40,19.46
296,Biak,ID,2020-08-19 01:27:37,-0.91,122.88,80.06,64,11,8.5
297,Saint-Philippe,RE,2020-08-19 01:27:37,-21.36,55.77,62.6,77,75,3.36
298,San Patricio,MX,2020-08-19 01:22:43,19.22,-104.7,77.0,94,90,5.82
299,Oum Hadjer,TD,2020-08-19 01:27:37,13.3,19.7,78.35,78,75,5.93
300,Wajima,JP,2020-08-19 01:27:37,37.4,136.9,84.2,70,40,3.36
301,Atar,MR,2020-08-19 01:27:38,20.52,-13.05,94.33,30,0,10.0
302,Siaya,KE,2020-08-19 01:27:38,0.06,34.29,69.8,77,75,5.53
303,Zhanakorgan,KZ,2020-08-19 01:27:38,43.91,67.25,59.27,43,0,0.36
304,Sabang,ID,2020-08-19 01:23:19,5.89,95.32,82.18,75,100,6.24
305,Port Macquarie,AU,2020-08-19 01:27:40,-31.43,152.92,71.01,28,0,18.34
306,Baijiantan,CN,2020-08-19 01:27:11,45.63,85.18,78.01,28,96,7.27
307,Severo-Kurilsk,RU,2020-08-19 01:27:41,50.68,156.12,51.8,85,100,15.08
308,Tabou,CI,2020-08-19 01:27:41,4.42,-7.35,75.38,86,84,7.76
309,Llaillay,CL,2020-08-19 01:27:42,-32.85,-70.97,50.0,93,75,3.36
310,El Alto,PE,2020-08-19 01:23:03,-4.27,-81.21,60.55,88,2,20.96
311,Antsohihy,MG,2020-08-19 01:27:42,-14.88,47.99,64.72,68,84,7.11
312,Lasa,IT,2020-08-19 01:27:42,46.62,10.7,57.0,93,75,1.12
313,Naze,JP,2020-08-19 01:27:44,28.37,129.48,91.4,66,20,5.82
314,Hamilton,US,2020-08-19 01:27:44,39.18,-84.53,66.99,100,75,7.9
315,Coquimbo,CL,2020-08-19 01:27:44,-29.95,-71.34,51.8,76,90,3.36
316,Zverinogolovskoye,RU,2020-08-19 01:27:45,54.46,64.85,51.22,88,100,13.53
317,Ostashkov,RU,2020-08-19 01:27:45,57.15,33.11,49.26,84,36,3.49
318,Bathsheba,BB,2020-08-19 01:22:47,13.22,-59.52,82.4,78,40,18.34
319,Malumfashi,NG,2020-08-19 01:27:46,11.79,7.62,70.43,88,0,7.9
320,Severodvinsk,RU,2020-08-19 01:27:46,64.56,39.83,33.8,81,0,6.53
321,Broken Hill,AU,2020-08-19 01:27:46,-31.95,141.43,55.4,50,90,29.97
322,Sao Filipe,CV,2020-08-19 01:27:47,14.9,-24.5,78.48,87,36,7.47
323,Sobinka,RU,2020-08-19 01:27:47,55.99,40.01,47.53,80,0,3.31
324,Timra,SE,2020-08-19 01:27:47,62.49,17.33,62.01,100,18,3.36
325,Machiques,VE,2020-08-19 01:27:47,10.06,-72.55,77.7,84,100,5.95
326,Chicomuselo,MX,2020-08-19 01:27:48,15.77,-92.27,71.55,86,100,4.14
327,Angra Dos Reis,BR,2020-08-19 01:27:48,-23.01,-44.32,71.6,88,0,5.82
328,Carpinteria,US,2020-08-19 01:26:08,34.4,-119.52,99.0,34,0,1.99
329,Hovd,MN,2020-08-19 01:27:49,48.01,91.64,66.79,40,100,5.23
330,Itaituba,BR,2020-08-19 01:27:49,-4.28,-55.98,82.44,45,44,1.5
331,Birao,CF,2020-08-19 01:27:49,10.28,22.79,71.6,95,98,3.8
332,Aginskoye,RU,2020-08-19 01:27:49,51.1,114.53,59.32,57,63,2.73
333,Suzhou,CN,2020-08-19 01:23:17,31.31,120.62,80.01,82,0,8.55
334,Kieta,PG,2020-08-19 01:27:50,-6.22,155.63,85.03,66,1,5.73
335,Khani,GE,2020-08-19 01:27:50,41.96,42.96,64.4,100,14,1.12
336,Ternate,ID,2020-08-19 01:27:50,0.8,127.4,81.34,74,95,9.66
337,Masuguru,TZ,2020-08-19 01:27:51,-11.37,38.42,68.25,83,4,3.98
338,Singaparna,ID,2020-08-19 01:27:51,-7.35,108.11,72.12,83,99,3.11
339,Muros,ES,2020-08-19 01:27:51,42.78,-9.06,68.0,92,100,15.01
340,Cumberland,US,2020-08-19 01:27:51,35.05,-78.87,80.01,74,1,5.1
341,Makakilo City,US,2020-08-19 01:23:18,21.35,-158.09,84.2,54,90,12.75
342,Demyanovo,RU,2020-08-19 01:27:52,60.35,47.08,42.53,88,1,8.7
343,Llanes,ES,2020-08-19 01:27:52,43.42,-4.75,73.0,68,46,6.69
344,Cuamba,MZ,2020-08-19 01:27:52,-14.8,36.54,66.85,57,0,7.94
345,Kassala,SD,2020-08-19 01:27:53,15.45,36.4,78.1,79,61,13.27
346,Hailar,CN,2020-08-19 01:27:54,49.2,119.7,57.72,52,0,4.94
347,Banyo,CM,2020-08-19 01:27:54,6.75,11.82,66.27,94,100,2.44
348,Talnakh,RU,2020-08-19 01:27:55,69.49,88.4,64.4,48,7,6.71
349,Palmas Bellas,PA,2020-08-19 01:27:56,9.23,-80.09,77.0,94,100,7.0
350,Hun,LY,2020-08-19 01:27:56,29.13,15.95,81.12,30,0,3.94
351,Maxixe,MZ,2020-08-19 01:27:56,-23.86,35.35,66.58,89,21,10.56
352,Egvekinot,RU,2020-08-19 01:27:57,66.32,-179.17,52.36,61,84,5.5
353,Haines Junction,CA,2020-08-19 01:23:23,60.75,-137.51,60.31,56,74,3.02
354,Basoko,CD,2020-08-19 01:27:57,1.24,23.62,74.01,83,100,2.15
355,Manokwari,ID,2020-08-19 01:27:57,-0.87,134.08,83.88,64,100,5.84
356,Aloleng,PH,2020-08-19 01:27:58,16.13,119.78,84.24,73,34,1.61
357,Sambava,MG,2020-08-19 01:27:58,-14.27,50.17,65.84,84,20,8.25
358,Podor,MR,2020-08-19 01:27:58,16.65,-14.96,86.0,74,100,2.24
359,Gravatai,BR,2020-08-19 01:24:30,-29.94,-50.99,64.0,88,75,4.7
360,Kurchum,KZ,2020-08-19 01:27:59,48.57,83.65,64.15,71,6,6.33
361,Nouadhibou,MR,2020-08-19 01:27:59,20.93,-17.03,71.6,83,0,19.46
362,Mount Vernon,US,2020-08-19 01:27:00,40.91,-73.84,80.6,42,40,3.36
363,Nizwa,OM,2020-08-19 01:27:08,22.93,57.53,89.46,46,100,2.35
364,Salinas,US,2020-08-19 01:28:00,36.68,-121.66,84.0,47,90,6.93
365,Amuntai,ID,2020-08-19 01:28:00,-2.42,115.25,81.23,67,77,0.96
366,Mount Gambier,AU,2020-08-19 01:27:12,-37.83,140.77,50.0,100,75,8.05
367,La Candelaria,VE,2020-08-19 01:28:02,9.69,-63.4,74.26,95,100,0.56
368,Salinopolis,BR,2020-08-19 01:28:02,-0.61,-47.36,79.88,80,10,13.2
369,Oneonta,US,2020-08-19 01:24:35,42.45,-75.06,62.01,84,0,1.01
370,Liwale,TZ,2020-08-19 01:28:03,-9.77,37.93,63.52,93,95,0.94
371,Paramonga,PE,2020-08-19 01:28:03,-10.67,-77.83,59.85,84,61,10.98
372,Port Hardy,CA,2020-08-19 01:28:04,50.7,-127.42,62.6,82,75,5.82
373,Calera,US,2020-08-19 01:28:04,33.1,-86.75,84.99,74,1,0.6
374,Lukovetskiy,RU,2020-08-19 01:28:05,64.3,41.92,33.8,95,0,4.52
375,Marsh Harbour,BS,2020-08-19 01:28:06,26.54,-77.06,84.96,68,85,7.43
376,Caraquet,CA,2020-08-19 01:28:06,47.79,-64.94,60.8,100,90,3.36
377,Oranjemund,NA,2020-08-19 01:28:06,-28.55,16.43,52.3,62,81,15.26
378,Zhatay,RU,2020-08-19 01:28:07,62.16,129.83,60.8,36,52,6.71
379,Tyrma,RU,2020-08-19 01:28:07,50.08,132.17,62.49,46,0,10.87
380,Tolaga Bay,NZ,2020-08-19 01:28:07,-38.37,178.3,56.32,85,100,20.67
381,Yerbogachen,RU,2020-08-19 01:28:08,61.28,108.01,60.64,46,6,3.49
382,Baruun-Urt,MN,2020-08-19 01:28:11,46.68,113.28,56.84,57,0,8.46
383,Thunder Bay,CA,2020-08-19 01:25:49,48.4,-89.32,64.0,72,90,2.24
384,Xuddur,SO,2020-08-19 01:28:11,4.12,43.89,73.85,75,100,18.39
385,Nador,MA,2020-08-19 01:26:40,35.17,-2.93,75.2,78,0,1.12
386,Nemuro,JP,2020-08-19 01:23:25,43.32,145.57,77.0,73,20,13.87
387,Awjilah,LY,2020-08-19 01:28:12,29.11,21.29,78.21,50,0,7.87
388,Vanderhoof,CA,2020-08-19 01:28:12,54.02,-124.02,71.49,42,7,4.32
389,Mount Isa,AU,2020-08-19 01:28:12,-20.73,139.5,84.2,14,2,13.87
390,Severo-Yeniseyskiy,RU,2020-08-19 01:28:13,60.37,93.04,59.67,59,100,5.1
391,Tura,IN,2020-08-19 01:28:13,25.52,90.22,76.95,89,2,4.45
392,Kastamonu,TR,2020-08-19 01:27:30,41.5,33.67,52.54,80,0,1.52
393,Laureles,US,2020-08-19 01:28:14,26.11,-97.49,86.0,70,1,5.82
394,Alto Araguaia,BR,2020-08-19 01:28:14,-17.31,-53.22,77.09,27,0,6.64
395,Anantapur,IN,2020-08-19 01:28:15,14.68,77.6,75.27,78,100,17.11
396,Montepuez,MZ,2020-08-19 01:28:15,-13.13,39.0,62.26,99,100,2.84
397,Goderich,CA,2020-08-19 01:28:15,43.75,-81.72,66.0,73,0,13.96
398,Panzhihua,CN,2020-08-19 01:28:16,26.59,101.71,65.44,82,100,1.77
399,Aki,JP,2020-08-19 01:28:16,33.5,133.9,91.4,63,20,5.82
400,Ilulissat,GL,2020-08-19 01:28:16,69.22,-51.1,48.2,49,90,6.42
401,Alyangula,AU,2020-08-19 01:28:17,-13.85,136.42,82.4,61,48,8.05
402,Awbari,LY,2020-08-19 01:28:17,26.59,12.78,83.82,20,0,5.59
403,Dunedin,NZ,2020-08-19 01:27:45,-45.87,170.5,54.0,69,100,10.0
404,Saldanha,ZA,2020-08-19 01:23:20,-33.01,17.94,42.8,81,7,3.36
405,Ulladulla,AU,2020-08-19 01:23:20,-35.35,150.47,64.0,45,40,20.8
406,Nago,JP,2020-08-19 01:28:19,26.59,127.98,87.8,70,75,10.29
407,Mitchell,US,2020-08-19 01:28:19,43.71,-98.03,78.8,61,1,8.05
408,Eureka,US,2020-08-19 01:27:43,40.8,-124.16,66.0,77,1,9.17
409,Shchigry,RU,2020-08-19 01:28:20,51.88,36.9,61.14,79,34,3.02
410,Boyolangu,ID,2020-08-19 01:28:20,-8.12,111.89,77.85,73,23,6.85
411,Yeppoon,AU,2020-08-19 01:28:21,-23.13,150.73,78.8,54,0,11.41
412,Petrokamenskoye,RU,2020-08-19 01:28:21,57.72,60.65,48.65,96,100,9.24
413,Margate,GB,2020-08-19 01:28:21,51.38,1.39,66.99,95,30,1.01
414,Lensk,RU,2020-08-19 01:28:21,60.73,114.93,63.91,40,40,3.91
415,Tiarei,PF,2020-08-19 01:28:22,-17.53,-149.33,86.0,58,20,5.82
416,Belmonte,BR,2020-08-19 01:28:22,-15.86,-38.88,75.2,78,40,10.29
417,Narasannapeta,IN,2020-08-19 01:28:22,18.42,84.05,80.31,81,100,5.01
418,Rock Hill,US,2020-08-19 01:28:22,34.92,-81.03,78.8,65,1,3.36
419,Batagay-Alyta,RU,2020-08-19 01:28:23,67.8,130.41,43.88,80,100,18.43
420,Bonnyville,CA,2020-08-19 01:28:23,54.27,-110.73,84.2,42,20,4.7
421,Pankovka,RU,2020-08-19 01:28:23,58.5,31.2,54.61,78,100,3.76
422,Xinzhou,CN,2020-08-19 01:23:52,38.41,112.73,64.47,76,100,2.48
423,Broome,US,2020-08-19 01:28:24,42.25,-75.83,64.99,59,1,6.93
424,Alice Springs,AU,2020-08-19 01:28:25,-23.7,133.88,64.4,23,0,11.41
425,Basco,PH,2020-08-19 01:28:26,20.45,121.97,84.36,79,96,8.43
426,Lithgow,AU,2020-08-19 01:27:22,-33.48,150.15,53.01,54,80,1.01
427,Jaleswar,NP,2020-08-19 01:28:27,26.65,85.8,83.01,80,0,8.37
428,Xacmaz,AZ,2020-08-19 01:28:27,41.46,48.81,67.05,65,0,3.31
429,Amazar,RU,2020-08-19 01:28:27,53.86,120.88,63.97,40,0,2.55
430,Ixtapa,MX,2020-08-19 01:28:27,20.7,-105.2,79.0,88,90,2.24
431,Kayalpattinam,IN,2020-08-19 01:28:28,8.57,78.12,80.38,70,96,4.38
432,Tagusao,PH,2020-08-19 01:28:28,9.19,117.81,78.51,88,100,15.59
433,Tatarsk,RU,2020-08-19 01:28:28,55.22,75.98,57.09,69,100,9.06
434,Sao Felix Do Xingu,BR,2020-08-19 01:28:29,-6.64,-51.99,81.37,45,45,1.72
435,Iranshahr,IR,2020-08-19 01:28:29,27.2,60.68,93.2,46,96,2.53
436,Tautira,PF,2020-08-19 01:28:30,-17.73,-149.15,86.0,58,20,5.82
437,Gat,IL,2020-08-19 01:28:30,31.61,34.76,75.99,80,0,4.36
438,Praia Da Vitoria,PT,2020-08-19 01:28:31,38.73,-27.07,69.8,88,75,22.57
439,Flinders,AU,2020-08-19 01:26:30,-34.58,150.86,64.4,34,11,17.22
440,Metro,ID,2020-08-19 01:28:31,-5.11,105.31,81.48,77,99,4.61
441,Beneditinos,BR,2020-08-19 01:28:31,-5.45,-42.37,80.6,42,0,1.12
442,Podgornoye,RU,2020-08-19 01:28:32,51.73,39.15,53.6,87,26,2.64
443,Teahupoo,PF,2020-08-19 01:28:32,-17.83,-149.27,86.0,58,20,5.82
444,Salalah,OM,2020-08-19 01:28:32,17.02,54.09,75.96,88,100,6.62
445,San Cristobal,VE,2020-08-19 01:28:32,7.77,-72.22,68.04,93,100,2.19
446,Atambua,ID,2020-08-19 01:28:33,-9.11,124.89,83.3,42,49,0.96
447,Svetlaya,RU,2020-08-19 01:28:33,46.54,138.33,71.31,75,100,4.54
448,Huilong,CN,2020-08-19 01:28:33,31.81,121.66,91.0,70,0,3.0
449,Barra Patuca,HN,2020-08-19 01:28:34,15.8,-84.28,80.64,82,100,4.99
450,Sinnamary,GF,2020-08-19 01:28:34,5.38,-52.95,78.51,85,0,7.56
451,Lagoa,PT,2020-08-19 01:28:34,39.05,-27.98,70.92,81,62,23.35
452,Norman Wells,CA,2020-08-19 01:28:34,65.28,-126.83,60.8,67,90,3.36
453,Susanino,RU,2020-08-19 01:24:37,58.15,41.59,44.29,90,46,4.21
454,Alofi,NU,2020-08-19 01:28:35,-19.06,-169.92,76.71,84,88,23.38
455,Coihueco,CL,2020-08-19 01:28:35,-36.62,-71.83,44.6,87,90,4.7
456,Orocue,CO,2020-08-19 01:28:35,4.79,-71.34,77.72,85,99,3.02
457,Saraikela,IN,2020-08-19 01:28:36,22.72,85.95,78.76,89,77,2.39
458,Vega De Alatorre,MX,2020-08-19 01:28:36,20.03,-96.63,81.03,76,99,3.4
459,Shelbyville,US,2020-08-19 01:27:49,35.48,-86.46,77.0,73,75,10.29
460,Hudson Bay,CA,2020-08-19 01:28:36,52.85,-102.38,77.67,65,0,6.08
461,Maldonado,UY,2020-08-19 01:24:26,-34.67,-54.92,51.01,81,10,4.7
462,Turan,VN,2020-08-19 01:23:55,16.07,108.22,82.4,83,75,1.12
463,Tezu,IN,2020-08-19 01:28:37,27.92,96.17,80.04,68,14,0.74
464,Bracknell,GB,2020-08-19 01:28:38,51.41,-0.75,61.0,93,100,4.7
465,Yaan,NG,2020-08-19 01:28:38,7.38,8.57,73.38,97,100,6.46
466,Japura,ID,2020-08-19 01:28:38,-0.32,102.35,79.61,77,100,2.62
467,Sohbatpur,PK,2020-08-19 01:28:39,28.52,68.54,92.3,53,0,8.03
468,Turayf,SA,2020-08-19 01:28:39,31.67,38.66,71.6,60,0,9.17
469,Joshimath,IN,2020-08-19 01:28:39,30.57,79.57,70.02,54,98,0.78
470,Sao Joao Da Barra,BR,2020-08-19 01:28:40,-21.64,-41.05,73.92,77,0,25.3
471,Roseburg,US,2020-08-19 01:25:35,43.22,-123.34,91.99,27,1,13.87
472,Byron Bay,AU,2020-08-19 01:26:34,-28.65,153.62,75.2,23,0,17.22
473,Asyut,EG,2020-08-19 01:28:40,27.18,31.18,80.6,57,0,12.75
474,Njombe,TZ,2020-08-19 01:28:41,-9.33,34.77,48.24,94,84,1.68
475,Sorland,NO,2020-08-19 01:28:41,67.67,12.69,52.25,80,100,8.5
476,Buala,SB,2020-08-19 01:28:42,-8.14,159.59,85.5,68,50,5.01
477,Makubetsu,JP,2020-08-19 01:28:42,45.37,141.82,75.2,83,75,21.92
478,Maragogi,BR,2020-08-19 01:28:42,-9.01,-35.22,73.49,80,75,11.41
479,Honningsvag,NO,2020-08-19 01:28:43,70.98,25.97,50.74,85,100,7.67
480,Manicore,BR,2020-08-19 01:28:43,-5.81,-61.3,82.4,83,0,2.24
481,Villa Rica,US,2020-08-19 01:28:43,33.73,-84.92,80.01,50,1,1.34
482,Tupiza,BO,2020-08-19 01:28:43,-21.45,-65.72,46.38,42,85,19.93
483,Rio Gallegos,AR,2020-08-19 01:28:44,-51.62,-69.22,30.2,74,20,12.75
484,Sadovoye,RU,2020-08-19 01:27:11,47.78,44.51,69.85,52,49,4.21
485,Tigil,RU,2020-08-19 01:28:44,57.8,158.67,55.98,94,100,4.5
486,Polistena,IT,2020-08-19 01:28:44,38.41,16.08,78.8,88,20,8.05
487,Northam,GB,2020-08-19 01:28:45,51.03,-4.22,63.0,93,100,7.0
488,Palauig,PH,2020-08-19 01:28:45,15.44,119.9,83.91,70,100,1.66
489,Ahipara,NZ,2020-08-19 01:28:45,-35.17,173.17,60.84,81,27,13.2
490,Roma,US,2020-08-19 01:25:31,43.21,-75.46,64.4,68,1,1.88
491,Noumea,NC,2020-08-19 01:28:46,-22.28,166.46,77.0,50,0,6.93
492,Yatou,CN,2020-08-19 01:28:46,37.15,122.38,82.29,89,36,10.54
493,Igunga,TZ,2020-08-19 01:28:46,-4.28,33.88,61.7,59,21,3.74
494,Batouri,CM,2020-08-19 01:28:47,4.43,14.37,68.52,97,100,3.2
495,Odweyne,SO,2020-08-19 01:25:06,9.41,45.06,74.41,53,100,15.39
496,Olga,RU,2020-08-19 01:28:47,43.74,135.29,85.14,66,25,4.92
497,Lexington,US,2020-08-19 01:24:33,37.99,-84.48,66.2,93,90,5.82
498,Raduzhnyy,RU,2020-08-19 01:28:49,62.1,77.47,58.26,95,100,8.75
499,Puerto Madryn,AR,2020-08-19 01:28:49,-42.77,-65.04,38.77,72,5,25.28
500,Caohai,CN,2020-08-19 01:26:26,26.87,104.28,53.42,90,100,3.2
501,Laguna,US,2020-08-19 01:28:50,38.42,-121.42,104.0,24,75,9.17
502,Newport,GB,2020-08-19 01:28:52,51.59,-3.0,63.0,96,100,4.79
503,Tilichiki,RU,2020-08-19 01:28:52,60.47,166.1,57.06,51,100,9.62
504,Potiskum,NG,2020-08-19 01:28:52,11.71,11.07,77.07,72,91,8.14
505,Pangody,RU,2020-08-19 01:28:53,65.85,74.49,59.09,72,100,14.18
506,Arak,IR,2020-08-19 01:25:10,34.09,49.69,61.75,47,0,4.29
507,Shingu,JP,2020-08-19 01:28:53,33.73,135.98,89.6,59,40,3.36
508,Neuquen,AR,2020-08-19 01:28:54,-38.95,-68.06,44.6,39,23,8.05
509,Hofn,IS,2020-08-19 01:28:54,64.25,-15.21,48.58,85,100,19.01
510,Greenville,US,2020-08-19 01:25:30,35.61,-77.37,77.0,88,1,2.33
511,Middelburg,ZA,2020-08-19 01:28:55,-25.78,29.46,31.66,74,0,14.54
512,Sitka,US,2020-08-19 01:28:56,57.05,-135.33,57.2,87,90,4.7
513,Salmo,CA,2020-08-19 01:28:56,49.2,-117.27,84.99,38,32,6.98
514,Sioux Lookout,CA,2020-08-19 01:28:57,50.1,-91.92,60.8,87,75,3.36
515,Cascais,PT,2020-08-19 01:28:59,38.7,-9.42,70.0,94,0,5.99
516,Evensk,RU,2020-08-19 01:28:59,61.95,159.23,48.92,90,100,6.29
517,Doctor Juan Manuel Frutos,PY,2020-08-19 01:29:01,-25.37,-55.8,64.4,98,88,0.31
518,Icod De Los Vinos,ES,2020-08-19 01:29:01,28.37,-16.71,73.0,58,0,10.96
519,Kapuskasing,CA,2020-08-19 01:24:37,49.42,-82.43,53.6,81,20,2.24
520,Bonthe,SL,2020-08-19 01:29:02,7.53,-12.51,76.42,89,91,6.78
521,Jalingo,NG,2020-08-19 01:29:02,8.88,11.37,74.91,90,100,3.58
522,Gisborne,NZ,2020-08-19 01:29:02,-38.65,178.0,60.01,73,100,4.0
523,Phuket,TH,2020-08-19 01:29:03,8.0,98.25,86.0,94,40,2.24
524,Zhezkazgan,KZ,2020-08-19 01:29:03,47.8,67.71,60.73,58,0,13.85
525,Tay Ninh,VN,2020-08-19 01:29:03,11.3,106.1,82.06,78,100,6.82
526,Kaspiyskiy,RU,2020-08-19 01:29:04,45.39,47.37,71.8,50,0,7.31
527,Liverpool,GB,2020-08-19 01:26:12,53.41,-2.98,62.6,88,77,4.7
528,Ust-Nera,RU,2020-08-19 01:29:04,64.57,143.2,58.14,40,74,0.78
529,Sola,VU,2020-08-19 01:29:04,-13.88,167.55,82.4,83,90,11.86
530,Kloulklubed,PW,2020-08-19 01:29:06,7.04,134.26,86.0,66,75,8.05
531,Banjarmasin,ID,2020-08-19 01:29:06,-3.32,114.59,80.6,74,20,2.24
532,Whyalla,AU,2020-08-19 01:29:06,-33.03,137.58,59.0,58,75,18.34
533,Manavadar,IN,2020-08-19 01:29:07,21.5,70.13,79.57,89,100,10.25
534,Krasnoselkup,RU,2020-08-19 01:29:07,65.7,82.47,60.48,61,0,12.95
